{
  "foodValueForAnimals": 0.8,
  "foodValueForPlants": 0.1,
  "animalHungerDrain": 0.0035,
  "animalBreedingCost": 0.5,
  "mutationFactor": 0.2,
  "entityAgeRate": 0.5,
  "fieldScaleFactor" : 0.5,
  "doDayNightCycle" : true,
  "dayNightCycleSpeed" : 0.1,
  "doWeatherCycle" : true,
  "weatherChangeProbability" : 1,
  "windStrength": 0.15,
  "stormMovementSpeedFactor": 0.4,
  "showQuadTrees" : false,
  "animalHungerThreshold": 0.5,
  "animalDyingOfHungerThreshold": 0.2,
  "predatorsData": [
    {
      "name": "Fox",
      "multiplyingRate": [0.05, 0.15],
      "maxLitterSize": [1, 4],
      "maxAge": [80, 120],
      "matureAge": [40, 40],
      "mutationRate": [0.01, 0.05],
      "maxSpeed": [4, 6.5],
      "sight": [30, 50],
      "numberOfEntitiesAtStart": 12,
      "eats": ["Rabbit"],
      "size": [3, 6],
      "colour": [230, 20, 40],
      "overcrowdingThreshold": [8, 25],
      "overcrowdingRadius": [10, 15],
      "maxOffspringSpawnDistance": [3, 5]
    },
    {
      "name": "Wolf",
      "multiplyingRate": [0.05, 0.15],
      "maxLitterSize": [2, 3],
      "maxAge": [90, 120],
      "matureAge": [50, 55],
      "mutationRate": [0.01, 0.05],
      "maxSpeed": [6, 7],
      "sight": [35, 50],
      "numberOfEntitiesAtStart": 8,
      "eats": ["Rabbit", "Squirrel"],
      "size": [4, 7],
      "colour": [70, 10, 90],
      "overcrowdingThreshold": [8, 25],
      "overcrowdingRadius": [10, 15],
      "maxOffspringSpawnDistance": [3, 4]
    },
    {
      "name": "Bear",
      "multiplyingRate": [0.05, 0.15],
      "maxLitterSize": [2, 3],
      "maxAge": [160, 200],
      "matureAge": [100, 120],
      "mutationRate": [0.01, 0.05],
      "maxSpeed": [5, 6.5],
      "sight": [35, 50],
      "numberOfEntitiesAtStart": 4,
      "eats": ["Wolf"],
      "size": [7, 12],
      "colour": [74, 25, 25],
      "overcrowdingThreshold": [8, 25],
      "overcrowdingRadius": [10, 15],
      "maxOffspringSpawnDistance": [3, 4]
    }
  ],
  "preysData": [
    {
      "name": "Rabbit",
      "multiplyingRate": [0.15, 0.2],
      "maxLitterSize": [2, 6],
      "maxAge": [65, 100],
      "matureAge": [30, 50],
      "mutationRate": [0.01, 0.05],
      "maxSpeed": [4, 6],
      "sight": [25, 35],
      "numberOfEntitiesAtStart": 25,
      "eats": ["Grass"],
      "size": [3, 5],
      "colour": [40, 200, 240],
      "overcrowdingThreshold": [5, 15],
      "overcrowdingRadius": [10, 12],
      "maxOffspringSpawnDistance": [3, 4]
    },
    {
      "name": "Squirrel",
      "multiplyingRate": [0.2, 0.5],
      "maxLitterSize": [2, 5],
      "maxAge": [85, 105],
      "matureAge": [50, 60],
      "mutationRate": [0.01, 0.05],
      "maxSpeed": [5, 7],
      "sight": [20, 40],
      "numberOfEntitiesAtStart": 12,
      "eats": ["Grass"],
      "size": [3, 6],
      "colour": [40, 20, 200],
      "overcrowdingThreshold": [10, 25],
      "overcrowdingRadius": [10, 15],
      "maxOffspringSpawnDistance": [3, 5]
    }
  ],
  "plantsData": [
    {
      "name": "Grass",
      "mutationRate": [0.1, 0.12],
      "multiplyingRate": [0.1, 0.2],
      "numberOfSeeds": [2, 3],
      "maxAge": [40, 60],
      "matureAge": [30, 40],
      "numberOfEntitiesAtStart": 200,
      "size": [3, 6],
      "colour": [40, 240, 30],
      "maxOffspringSpawnDistance": [9, 20],
      "overcrowdingThreshold": [6, 9],
      "overcrowdingRadius": [6, 20],
      "rainingGrowthFactor" : 3
    }
  ]
}